{
  "info": {
    "_postman_id": "31b8d60b-850f-4b5f-aabb-24c3457f2636",
    "name": "UserData",
    "schema": "https://schema.getpostman.com/json/collection/v2.1.0/collection.json",
    "_exporter_id": "23924903"
  },
  "item": [
    {
      "name": "GET USER DATA",
      "request": {
        "method": "GET",
        "header": [],
        "url": {
          "raw": "http://localhost:5000/api/v1/users",
          "protocol": "http",
          "host": ["localhost"],
          "port": "5000",
          "path": ["api", "v1", "users"]
        }
      },
      "response": []
    },
    {
      "name": "CREATE USER DATA",
      "request": {
        "method": "POST",
        "header": [],
        "url": {
          "raw": "http://localhost:5000/api/v1/users",
          "protocol": "http",
          "host": ["localhost"],
          "port": "5000",
          "path": ["api", "v1", "users"]
        }
      },
      "response": []
    },
    {
      "name": "PUT USER DATA",
      "request": {
        "method": "PUT",
        "header": [],
        "body": {
          "mode": "raw",
          "raw": "{\r\n    \"storeLocation\":\"Surya Nagar\",\r\n    \"City\":\"Bangalore\",\r\n    \"storePhone\":7793424234,\r\n    \"TotalItem\":23,\r\n    \"price\":323\r\n}",
          "options": {
            "raw": {
              "language": "json"
            }
          }
        },
        "url": {
          "raw": "http://localhost:5000/api/v1/users",
          "protocol": "http",
          "host": ["localhost"],
          "port": "5000",
          "path": ["api", "v1", "users"]
        }
      },
      "response": []
    },
    {
      "name": "DELETE USER DATA",
      "request": {
        "method": "DELETE",
        "header": [],
        "url": {
          "raw": "http://localhost:5000/api/v1/users",
          "protocol": "http",
          "host": ["localhost"],
          "port": "5000",
          "path": ["api", "v1", "users"]
        }
      },
      "response": []
    }
  ]
}
